year,rmse,mae,directional_accuracy (%),spearman
2015,0.12585637028218266,0.1029559809164473,61.16,0.11723039523869402
2016,0.202455493301442,0.16048879372193076,40.08,-0.17068924713838585
2017,0.1254371260789807,0.0998173151442366,55.19,0.08091372037995954
2018,0.14770834446802067,0.11881628316419424,71.78,-0.07450533246459314
2019,0.14594812255597503,0.11965425563041197,58.26,-0.34547368144752777
2020,0.18419175775957905,0.15334475315132828,43.21,0.020217073868340634
2021,0.13467669360130732,0.10629571760332392,62.4,-0.17254188221118943
2022,0.1885211271999498,0.15139829367140348,37.76,-0.058496793662768776
