year,rmse,mae,directional_accuracy (%),spearman
2015,0.25458666860258655,0.23747962383566873,19.4,0.31295395443686097
2016,0.21575992441163622,0.1778603707913327,34.48,-0.09235540247823804
2017,0.14752389721074963,0.11284259300335198,51.08,-0.009286590470998267
2018,0.11205416909050764,0.09239902919450867,74.46,0.11119570085087327
2019,0.15789113061163013,0.13397526095502146,50.43,-0.38098345342684536
2020,0.19530805530959597,0.17345504861917072,39.06,-0.1799311635037549
2021,0.13618538230771676,0.10752679042990715,57.33,0.026691896234592692
2022,0.17753485916549097,0.1495353790812295,40.26,0.053813353063727885
