year,rmse,mae,directional_accuracy (%),spearman
2015,0.18607280966144377,0.1561292129137847,63.77,0.23452200342494084
2016,0.5682334815977026,0.5406956195890619,34.47,0.05799555859560664
2017,0.24793261169077194,0.19684152738824223,39.8,-0.1289934404415291
2018,0.20836316709691638,0.1859015445775715,71.42,-0.049284319763503115
2019,0.2555555720552189,0.21967621298804574,39.78,0.02460539586345863
2020,0.33103984268027936,0.3081658300444407,22.12,0.17163230896488413
2021,0.16725795626413345,0.13471462911677137,45.03,0.1933575437781954
