year,rmse,mae,directional_accuracy (%),spearman
2015,0.12398664858881597,0.11614837888138689,47.41,-0.020136885461733766
2016,0.024865246326411503,0.01769009350399919,49.14,0.03456828800916413
2017,0.022829878617931933,0.015141044511867584,48.48,-0.013011351467123582
2018,0.022476903444548613,0.014852591713394385,55.84,0.0621964991530209
2019,0.022262398830108485,0.014989099860096803,50.0,0.06094497481207558
2020,0.028278565725126565,0.020811975248997687,48.93,-0.0007333325743862964
2021,0.026585690883218858,0.018687754153418487,48.71,-0.010391340197467175
2022,0.038038456027581304,0.028484760214378964,50.65,-0.09394069199166652
