year,rmse,mae,directional_accuracy (%),spearman
2015,0.08599413482806681,0.07881349275742593,47.93,-0.1476286821439594
2016,0.02707298263095338,0.02003573920995078,49.59,0.05146862395699313
2017,0.022545033338172912,0.0157206229383266,51.45,0.07751534583862009
2018,0.02521002588050801,0.017941202286571097,45.23,-0.0925251191660094
2019,0.02198312719819148,0.014526649408319669,45.87,-0.05220104138751191
2020,0.02692584808225318,0.020203123092411793,48.56,0.08943299529489296
2021,0.023102644716772026,0.015392007861624478,48.35,-0.08585498727583477
2022,0.026190653333010492,0.019019235794772757,49.79,-0.050045437399266146
