year,rmse,mae,directional_accuracy (%),spearman
2015,0.11742210400154525,0.09186909485351656,58.26,0.04431972179991795
2016,0.15586570647986722,0.11834984022414143,47.11,-0.1645894376939266
2017,0.11234951603832528,0.08531781508717365,65.98,-0.031859332670347386
2018,0.1132004863776676,0.09198563048989587,66.8,0.012936799149549056
2019,0.14131789411395312,0.11484608948147502,48.76,-0.39012235604716433
2020,0.14509812766361563,0.11575600987294851,59.26,-0.25075811936219283
2021,0.14829238521680527,0.1186543434239681,45.45,-0.31570959183180985
2022,0.19880989193382947,0.16743821512901094,41.08,-0.06541442337368404
