year,rmse,mae,directional_accuracy (%),spearman
2015,0.09081578866875671,0.07127180859007877,31.9,0.028291968502120932
2016,0.15118015345428862,0.13536496627385988,49.57,0.2778061807956731
2017,0.09544075849107858,0.07844031302302146,41.56,-0.03914114371385736
2018,0.10584260366956455,0.08691806286259776,64.94,-0.046473841001577136
2019,0.07530573262466543,0.062112615212546844,42.67,-0.21404930721195334
2020,0.12445185093191083,0.10508321659633439,36.05,0.08506847599640259
2021,0.06471130963337314,0.05229900551255896,54.74,0.09307807776062917
2022,0.14208787228339806,0.11776324902810624,38.1,0.02417492552425086
