year,rmse,mae,directional_accuracy (%),spearman
2015,0.14676983095395035,0.1286859546585554,29.75,0.17946809560037275
2016,0.1102651866345232,0.08322478477639549,43.8,-0.07705158377860505
2017,0.0879100303664528,0.06399138437514192,60.17,-0.02641284592435102
2018,0.09086081588356917,0.07183386961007876,65.56,0.17801429992112758
2019,0.10659212242875078,0.08256147910097011,49.59,-0.3917802442887317
2020,0.11051070556994191,0.08240435679927281,64.61,-0.29358329109943615
2021,0.12607980267113914,0.09816962178546249,40.08,-0.4288600409561054
2022,0.1476032823383939,0.11896540402979783,43.15,-0.11238983573951512
