year,rmse,mae,directional_accuracy (%),spearman
2015,0.08368658853871977,0.06877018157806429,70.25,-0.10216799793060324
2016,0.1348959768367199,0.1138705350411025,39.26,-0.03258918875667273
2017,0.10157866668921517,0.08098735601155932,34.85,0.11942748876924661
2018,0.14198180603585508,0.11843988267540793,65.56,-0.259903638421179
2019,0.0768316997933626,0.05692849883527522,73.55,0.1922714296661235
2020,0.15237098232540586,0.12798118567643935,32.92,0.05167756384845307
2021,0.09824217065610931,0.069680642691135,50.0,0.022343811982941875
