year,rmse,mae,directional_accuracy (%),spearman
2015,0.12155464825549561,0.10353034143276642,30.17,0.13419464951209806
2016,0.10398981401019475,0.08224650187413021,39.66,-0.17432619178956307
2017,0.07359148152757407,0.05537743374436675,61.47,-0.10970326525049165
2018,0.07689448993516924,0.06305475173662378,56.71,0.12913608130999438
2019,0.07641943040934705,0.06102989562116489,54.31,-0.05495022958394276
2020,0.09881815231027688,0.07532451016481644,55.79,-0.16262906843045957
2021,0.08464531740991431,0.06411910586324439,50.0,0.01689926175644689
2022,0.11701647801494026,0.09419972377446882,48.05,0.07989154773262719
