year,rmse,mae,directional_accuracy (%),spearman
2015,0.17873052751085272,0.16394353724573585,30.58,-0.2506235073819633
2016,0.08278250170923906,0.06459357124985175,49.17,0.14993008165395943
2017,0.07050473630003619,0.05016622329451728,56.43,0.06903312643599328
2018,0.08599569170410425,0.06503847523589319,55.6,0.04890350125167176
2019,0.08063309037218482,0.06332827872985618,49.59,-0.30079706491123565
2020,0.08689900268591264,0.06427177341127353,60.08,-0.21893968664957242
2021,0.09249483645262611,0.07112035622670511,39.26,-0.37975081719580656
2022,0.11883115556064024,0.09614730054370459,43.98,-0.10382188539487672
