year,rmse,mae,directional_accuracy (%),spearman
2015,0.13791746720871753,0.12698217588866892,30.99,-0.2944906544805954
2016,0.055092454082747294,0.042323975813369365,46.28,0.0829524127650621
2017,0.04790597475392413,0.033042895401773235,58.92,0.08747213744384624
2018,0.05896213760534947,0.04702514302525946,63.49,-0.05024519049415315
2019,0.054768307407054406,0.03986500617667419,50.41,-0.10405873564430085
2020,0.06095347386158662,0.04563746651462826,55.14,-0.08811078160308165
2021,0.05869131486978676,0.04316338106135365,43.39,-0.3020392110043814
2022,0.08601911583798813,0.06913852326741429,40.66,-0.13709492129899525
