year,rmse,mae,directional_accuracy (%),spearman
2015,0.15147328338262567,0.13788711842338533,32.33,-0.07279223662233873
2016,0.05510660470486467,0.041958738496857544,46.55,-0.010676758493837075
2017,0.054203238608439015,0.040083935241778196,52.38,-0.14210849120894098
2018,0.05531418335147253,0.042534550730400224,47.62,0.09001830253704317
2019,0.05208486896228526,0.03835617183091009,48.71,0.037606022806555575
2020,0.06252148678555229,0.047394935743076,46.35,-0.10052158635109651
2021,0.058761070410333904,0.0436955697939691,50.0,-0.011929908185642976
2022,0.08624356666172976,0.06829668524073847,53.25,-0.004866722482914388
