year,rmse,mae,directional_accuracy (%),spearman
2015,0.11453734401338081,0.08935480366668463,44.21,0.12066810017268963
2016,0.1254459740059207,0.09707215970588344,47.11,-0.20548881242958952
2017,0.1036819871669215,0.07821197529979235,59.75,-0.08211909742464252
2018,0.09277114087314396,0.07377951868582382,71.78,0.09736720277082406
2019,0.12614085698437513,0.09898244418831637,52.07,-0.37311418387741785
2020,0.12849651487331587,0.09869285503545586,65.02,-0.22720080420030742
2021,0.13540347471013128,0.10587868084639616,44.21,-0.36776203291983506
2022,0.18133023403200965,0.1469651263111029,41.91,-0.13270635437742193
