year,rmse,mae,directional_accuracy (%),spearman
2015,0.20548007734518728,0.188816381864567,30.6,0.5018066882059777
2016,0.12377448733718538,0.09988371658689765,54.74,-0.24868486552665917
2017,0.11046130507909276,0.08950333485157949,63.64,-0.16725792947682006
2018,0.11043781917435896,0.09341447997179449,59.74,0.11639440020249615
2019,0.11837746188734133,0.0967547246133611,56.47,-0.06454585816728778
2020,0.1448441149982916,0.11223834089740861,55.36,-0.24159371288274648
2021,0.12984143995648495,0.1052625847397084,50.43,-0.057555512417137376
2022,0.1711198562496433,0.14692995914820728,49.78,0.09611849919196247
